seg_id,time_to_failure
seg_00030f,0
seg_0012b5,0
seg_00184e,0
seg_003339,0
seg_0042cc,0
seg_004314,0
seg_004cd2,0
seg_004ee5,0
seg_004f1f,0
seg_00648a,0
seg_006e4a,0
seg_007a37,0
seg_00a37e,0
seg_00be11,0
seg_00c35b,0
seg_00cc91,0
seg_00e5f7,0
seg_00f3b9,0
seg_010eab,0
seg_0125d9,0
seg_0144cb,0
seg_0165c6,0
seg_016913,0
seg_016cdb,0
seg_017314,0
seg_01a8dc,0
seg_01c775,0
seg_01ecb0,0
seg_02042f,0
seg_025e78,0
seg_032822,0
seg_0339ca,0
seg_037461,0
seg_038879,0
seg_03d386,0
seg_03d63e,0
seg_03d680,0
seg_03f380,0
seg_0445d7,0
seg_046c28,0
seg_0488a1,0
seg_049957,0
seg_04a696,0
seg_04ae38,0
seg_04b87a,0
seg_04cceb,0
seg_04ee93,0
seg_04fd93,0
seg_0536c9,0
seg_055127,0
seg_05a1b0,0
seg_05a4ad,0
seg_05b66a,0
seg_05bef4,0
seg_05e0d7,0
seg_05f126,0
seg_05f9d6,0
seg_060ce4,0
seg_061a33,0
seg_0620e6,0
seg_063865,0
seg_065588,0
seg_06893f,0
seg_06b8c9,0
seg_06bbc5,0
seg_06d4a2,0
seg_06d7ba,0
seg_070bb0,0
seg_071067,0
seg_073696,0
seg_075340,0
seg_075f77,0
seg_0775a7,0
seg_077b7e,0
seg_079e34,0
seg_07c815,0
seg_07cd72,0
seg_07f37c,0
seg_07f8df,0
seg_07fc6d,0
seg_086a61,0
seg_0870ab,0
seg_0879a8,0
seg_08b136,0
seg_08f441,0
seg_08fd5b,0
seg_091c9d,0
seg_093a0a,0
seg_0968f1,0
seg_0981f3,0
seg_09dd59,0
seg_09ed4e,0
seg_09f0ff,0
seg_0a0fbb,0
seg_0a1bd0,0
seg_0a42ba,0
seg_0a45a1,0
seg_0a97c4,0
seg_0aa0fb,0
seg_0b07c7,0
seg_0b082e,0
seg_0b32f7,0
seg_0b3b94,0
seg_0b48c4,0
seg_0b4b24,0
seg_0b54ac,0
seg_0b76f5,0
seg_0b9ad8,0
seg_0b9ba3,0
seg_0ba210,0
seg_0ba585,0
seg_0bb5fd,0
seg_0bc877,0
seg_0be6ee,0
seg_0c12cc,0
seg_0c1d3a,0
seg_0c247b,0
seg_0c3943,0
seg_0c4e31,0
seg_0c74cf,0
seg_0c8502,0
seg_0c89ce,0
seg_0c9aa8,0
seg_0cb81b,0
seg_0cca14,0
seg_0cdcc8,0
seg_0cf651,0
seg_0d0250,0
seg_0d04b9,0
seg_0d13a7,0
seg_0d434c,0
seg_0d540e,0
seg_0d663a,0
seg_0d6d68,0
seg_0d762e,0
seg_0d833c,0
seg_0dae4b,0
seg_0dc38f,0
seg_0dcc40,0
seg_0df469,0
seg_0df75c,0
seg_0dfe8c,0
seg_0e1370,0
seg_0e1fbe,0
seg_0e3739,0
seg_0e3d44,0
seg_0e3ed2,0
seg_0e4833,0
seg_0e7cc5,0
seg_0e8b79,0
seg_0e9987,0
seg_0e9bb3,0
seg_0eb333,0
seg_0ebfd9,0
seg_0f565c,0
seg_0f74a3,0
seg_0f8961,0
seg_0fc67a,0
seg_0fca83,0
seg_0fd3ff,0
seg_1010ad,0
seg_103b32,0
seg_105cd9,0
seg_1084af,0
seg_10a595,0
seg_10c09d,0
seg_10f3a6,0
seg_112b81,0
seg_1144bc,0
seg_114b79,0
seg_115617,0
seg_115a92,0
seg_11647f,0
seg_117278,0
seg_117ff4,0
seg_11860f,0
seg_1201e8,0
seg_121446,0
seg_121cba,0
seg_122ba9,0
seg_123dd4,0
seg_12ac20,0
seg_12b9ba,0
seg_12ee6e,0
seg_130e17,0
seg_13468a,0
seg_136285,0
seg_136695,0
seg_137f8a,0
seg_138807,0
seg_13c2f0,0
seg_13e25f,0
seg_140bc5,0
seg_141f34,0
seg_146926,0
seg_148698,0
seg_14ad27,0
seg_14c054,0
seg_14c371,0
seg_14c435,0
seg_14c89d,0
seg_14c8ce,0
seg_14d1d3,0
seg_14f5f0,0
seg_151368,0
seg_151d92,0
seg_153d6a,0
seg_154361,0
seg_1562cb,0
seg_158691,0
seg_158764,0
seg_15adff,0
seg_15bf25,0
seg_15c9f9,0
seg_161aeb,0
seg_161f5f,0
seg_162fc4,0
seg_16566c,0
seg_166f70,0
seg_168d1c,0
seg_16a270,0
seg_16c3a7,0
seg_17067e,0
seg_170684,0
seg_170a0c,0
seg_176542,0
seg_17799c,0
seg_179d90,0
seg_17adc0,0
seg_17d1ff,0
seg_17e596,0
seg_180481,0
seg_18096a,0
seg_1815fe,0
seg_1827c5,0
seg_184222,0
seg_185ad6,0
seg_18d1d0,0
seg_18d307,0
seg_18f633,0
seg_18f853,0
seg_18fb65,0
seg_193404,0
seg_19515c,0
seg_195eda,0
seg_1969c8,0
seg_19b08e,0
seg_19b9dd,0
seg_19e1ff,0
seg_19ec5c,0
seg_1a0e94,0
seg_1a0eca,0
seg_1a671a,0
seg_1a791c,0
seg_1a8e06,0
seg_1a8f0d,0
seg_1a8f2c,0
seg_1abcaf,0
seg_1ac9e2,0
seg_1ae362,0
seg_1afa29,0
seg_1b08a4,0
seg_1b1ad8,0
seg_1b2298,0
seg_1b78af,0
seg_1baf33,0
seg_1bd38e,0
seg_1bf7b3,0
seg_1c401b,0
seg_1c4c5b,0
seg_1c4e72,0
seg_1c849d,0
seg_1c904f,0
seg_1c929e,0
seg_1cb942,0
seg_1cd352,0
seg_1cf1b5,0
seg_1d044c,0
seg_1d11e5,0
seg_1d596d,0
seg_1d980f,0
seg_1da819,0
seg_1db443,0
seg_1db8e8,0
seg_1dec9c,0
seg_1e0523,0
seg_1e0b82,0
seg_1e572b,0
seg_1e617a,0
seg_1e61d6,0
seg_1e677e,0
seg_1eae76,0
seg_1ebe6b,0
seg_1ece48,0
seg_1eeb8f,0
seg_1ef708,0
seg_1f1e60,0
seg_1f3d44,0
seg_1f3ede,0
seg_1f5240,0
seg_1f7cf8,0
seg_1f9aed,0
seg_1fa983,0
seg_1fc7ab,0
seg_1fe311,0
seg_2005a7,0
seg_2018c8,0
seg_204dc6,0
seg_208ba5,0
seg_2099f4,0
seg_20a990,0
seg_20b8d0,0
seg_20cbac,0
seg_20cc25,0
seg_20d9de,0
seg_20e9ad,0
seg_210388,0
seg_211299,0
seg_211486,0
seg_214492,0
seg_217eed,0
seg_218049,0
seg_21eebb,0
seg_21faa9,0
seg_222c5f,0
seg_225320,0
seg_226e60,0
seg_229eda,0
seg_22e509,0
seg_2313d1,0
seg_232559,0
seg_23323e,0
seg_2367fb,0
seg_238242,0
seg_2383c2,0
seg_2396a2,0
seg_23b123,0
seg_23bdf9,0
seg_23c947,0
seg_23efb0,0
seg_23f823,0
seg_23fe27,0
seg_241266,0
seg_24157a,0
seg_24458d,0
seg_2465ce,0
seg_247262,0
seg_24ba8d,0
seg_24c078,0
seg_24c1c9,0
seg_24e071,0
seg_24f338,0
seg_257b8a,0
seg_2597af,0
seg_259c63,0
seg_259d65,0
seg_259dd3,0
seg_25aa9f,0
seg_25ab3f,0
seg_25b38a,0
seg_25c8dc,0
seg_25cca7,0
seg_25e76d,0
seg_26049e,0
seg_263deb,0
seg_263fb3,0
seg_2642d0,0
seg_2642d4,0
seg_264c7d,0
seg_266805,0
seg_266c6e,0
seg_266d4e,0
seg_268249,0
seg_268625,0
seg_268956,0
seg_26a2a0,0
seg_26cba3,0
seg_26edaa,0
seg_2700bd,0
seg_272a47,0
seg_274a1a,0
seg_2774c4,0
seg_279725,0
seg_27a282,0
seg_27b7c8,0
seg_27db4d,0
seg_27de37,0
seg_27f532,0
seg_27ff17,0
seg_280863,0
seg_280e3b,0
seg_284223,0
seg_284923,0
seg_287e60,0
seg_287fef,0
seg_288001,0
seg_2883ec,0
seg_289d99,0
seg_28fc32,0
seg_29022f,0
seg_2916e3,0
seg_293dbf,0
seg_293dc2,0
seg_29475f,0
seg_295b1c,0
seg_2977cd,0
seg_29a073,0
seg_29acb7,0
seg_29c772,0
seg_29c906,0
seg_29d497,0
seg_29d4c6,0
seg_29e799,0
seg_2a0ace,0
seg_2a0afc,0
seg_2a0dc0,0
seg_2a2f1e,0
seg_2a4551,0
seg_2a6343,0
seg_2a8351,0
seg_2aa101,0
seg_2abd33,0
seg_2b2cb3,0
seg_2b372b,0
seg_2b4959,0
seg_2b6d52,0
seg_2ba79a,0
seg_2bcbde,0
seg_2be983,0
seg_2bf5be,0
seg_2bf9dd,0
seg_2c3203,0
seg_2c5e9f,0
seg_2c6011,0
seg_2c69e4,0
seg_2c762c,0
seg_2cac57,0
seg_2cadc0,0
seg_2cdbe3,0
seg_2d3828,0
seg_2d402d,0
seg_2d427f,0
seg_2d5544,0
seg_2d7cc4,0
seg_2d92f0,0
seg_2db7dc,0
seg_2dc6ff,0
seg_2dccec,0
seg_2dcd3a,0
seg_2dcd84,0
seg_2dfb91,0
seg_2e2372,0
seg_2e50fb,0
seg_2e64af,0
seg_2e71dd,0
seg_2e88dd,0
seg_2e917f,0
seg_2e9a47,0
seg_2ea616,0
seg_2eccb9,0
seg_2ece02,0
seg_2ed79b,0
seg_2eddf6,0
seg_2ee95c,0
seg_2efd5c,0
seg_2f1664,0
seg_2f4f14,0
seg_2f5695,0
seg_2f60db,0
seg_2f86cd,0
seg_2f8e19,0
seg_2f8f6d,0
seg_2f9336,0
seg_2f9581,0
seg_2fb672,0
seg_2fe382,0
seg_301c1e,0
seg_30207d,0
seg_304581,0
seg_304b87,0
seg_304df5,0
seg_30501b,0
seg_3065ba,0
seg_30661b,0
seg_306756,0
seg_30ad2a,0
seg_30b043,0
seg_30da11,0
seg_30fd84,0
seg_310230,0
seg_31064b,0
seg_311499,0
seg_311b5e,0
seg_3128e6,0
seg_3151ff,0
seg_31631c,0
seg_316f86,0
seg_318135,0
seg_31a51f,0
seg_31a6cd,0
seg_31b808,0
seg_31c0f4,0
seg_31d763,0
seg_31d7bf,0
seg_31d810,0
seg_31ddc5,0
seg_3234ca,0
seg_324447,0
seg_324537,0
seg_325790,0
seg_326eb7,0
seg_327ed4,0
seg_32906d,0
seg_32ad0f,0
seg_32c904,0
seg_32d747,0
seg_32e763,0
seg_32f3a9,0
seg_32f6df,0
seg_32f72d,0
seg_32fc4e,0
seg_330579,0
seg_3319b5,0
seg_331f2b,0
seg_3340b9,0
seg_335170,0
seg_337b8c,0
seg_339f80,0
seg_33c30d,0
seg_342ce6,0
seg_343571,0
seg_3452b2,0
seg_34a2b8,0
seg_34a8f7,0
seg_34abd2,0
seg_34ef79,0
seg_3506d6,0
seg_35269b,0
seg_355717,0
seg_355d19,0
seg_35a2d7,0
seg_35b009,0
seg_35b753,0
seg_35ba8f,0
seg_35c587,0
seg_35dd45,0
seg_35ee83,0
seg_36147d,0
seg_361f5a,0
seg_3631ec,0
seg_3661de,0
seg_369570,0
seg_36b77f,0
seg_36e32d,0
seg_3706be,0
seg_373a04,0
seg_373ba6,0
seg_37608b,0
seg_3761d0,0
seg_37669c,0
seg_376908,0
seg_377134,0
seg_3788c5,0
seg_37bf85,0
seg_37f3fb,0
seg_38001b,0
seg_383b6b,0
seg_383f2e,0
seg_3865bc,0
seg_3878d0,0
seg_389906,0
seg_38ad16,0
seg_38ee24,0
seg_392019,0
seg_39300d,0
seg_395e0e,0
seg_397983,0
seg_397dc9,0
seg_398a25,0
seg_39a886,0
seg_39ad50,0
seg_3a1600,0
seg_3a22ac,0
seg_3a80c5,0
seg_3a8a76,0
seg_3aca44,0
seg_3adb1a,0
seg_3ae4d9,0
seg_3af649,0
seg_3b2013,0
seg_3b30fd,0
seg_3b4414,0
seg_3b7175,0
seg_3b7724,0
seg_3b95d2,0
seg_3b95dc,0
seg_3ba485,0
seg_3bb90a,0
seg_3bc9ed,0
seg_3bd97e,0
seg_3bf9ac,0
seg_3bfcf6,0
seg_3c3ddf,0
seg_3c4106,0
seg_3c64fb,0
seg_3c8545,0
seg_3cba49,0
seg_3cbccf,0
seg_3ce740,0
seg_3cfb73,0
seg_3d059a,0
seg_3d06cc,0
seg_3d19fc,0
seg_3d1cb3,0
seg_3d1f2e,0
seg_3d581c,0
seg_3d6aac,0
seg_3d6e79,0
seg_3d9aa0,0
seg_3db0a8,0
seg_3e00cd,0
seg_3e55d5,0
seg_3e87b4,0
seg_3ec967,0
seg_3edf51,0
seg_3f2086,0
seg_3f3689,0
seg_3f3983,0
seg_3f5be6,0
seg_3f80ef,0
seg_3f99c8,0
seg_3fb24b,0
seg_3fc7ca,0
seg_3fdae0,0
seg_407b2b,0
seg_40b3aa,0
seg_40f810,0
seg_411225,0
seg_414d0f,0
seg_4185b3,0
seg_419531,0
seg_419b2a,0
seg_41a267,0
seg_41aadc,0
seg_41ab7e,0
seg_41be18,0
seg_41be7d,0
seg_41f45e,0
seg_420bcc,0
seg_420d4e,0
seg_421a96,0
seg_421da1,0
seg_423ebe,0
seg_425462,0
seg_42648c,0
seg_4280d9,0
seg_428d66,0
seg_42c4c9,0
seg_42e7e8,0
seg_42ff14,0
seg_430e66,0
seg_43383f,0
seg_434c96,0
seg_43597f,0
seg_43c6f4,0
seg_440106,0
seg_4401d8,0
seg_441c6d,0
seg_4435bd,0
seg_447972,0
seg_447b8b,0
seg_447cb3,0
seg_44d3ca,0
seg_455b16,0
seg_456149,0
seg_457234,0
seg_45838b,0
seg_4587bb,0
seg_45a8a9,0
seg_45b051,0
seg_45e062,0
seg_45e4ed,0
seg_45e7ad,0
seg_46012e,0
seg_460436,0
seg_461ab5,0
seg_461b63,0
seg_462c1d,0
seg_464839,0
seg_468bc9,0
seg_468fdb,0
seg_46a42b,0
seg_46b84d,0
seg_46c6d3,0
seg_46dd7c,0
seg_4729a7,0
seg_4743ab,0
seg_4743fa,0
seg_476700,0
seg_476bdb,0
seg_477c83,0
seg_478327,0
seg_47a48f,0
seg_47d374,0
seg_47fed6,0
seg_482745,0
seg_4848e3,0
seg_484901,0
seg_486973,0
seg_48a4b3,0
seg_48a80c,0
seg_48b545,0
seg_48feba,0
seg_490092,0
seg_490d6e,0
seg_492dc6,0
seg_49322d,0
seg_49336f,0
seg_495573,0
seg_496d07,0
seg_496dad,0
seg_49b0cb,0
seg_49d84b,0
seg_49fdf0,0
seg_4a2525,0
seg_4a6096,0
seg_4a719c,0
seg_4a91a9,0
seg_4a9e6b,0
seg_4a9e8d,0
seg_4ab7bf,0
seg_4abc29,0
seg_4acc4b,0
seg_4ad5a2,0
seg_4ad674,0
seg_4adeda,0
seg_4ae37c,0
seg_4ae712,0
seg_4b0839,0
seg_4b4c91,0
seg_4b4ffb,0
seg_4b8044,0
seg_4b953a,0
seg_4ba3d1,0
seg_4c067a,0
seg_4c12b2,0
seg_4c18e2,0
seg_4c3a2b,0
seg_4c4995,0
seg_4c65e6,0
seg_4c8db6,0
seg_4ca6de,0
seg_4cb0d7,0
seg_4cb9c6,0
seg_4ce234,0
seg_4d0008,0
seg_4d0041,0
seg_4d0c45,0
seg_4d18f4,0
seg_4d2671,0
seg_4d53c2,0
seg_4d5a4a,0
seg_4d7c56,0
seg_4d8f0f,0
seg_4db886,0
seg_4db997,0
seg_4dbbd1,0
seg_4ddddc,0
seg_4dfa03,0
seg_4e0c4a,0
seg_4e2c66,0
seg_4e3bd7,0
seg_4e627b,0
seg_4e9646,0
seg_4ea3fa,0
seg_4ea81c,0
seg_4eb127,0
seg_4eeaef,0
seg_4eef28,0
seg_4f48b4,0
seg_4f5931,0
seg_4f76a2,0
seg_4f83a3,0
seg_4fa87d,0
seg_4fce5b,0
seg_4fd191,0
seg_500108,0
seg_5009d9,0
seg_500c80,0
seg_502fab,0
seg_507065,0
seg_5090fa,0
seg_509d55,0
seg_50a667,0
seg_50b048,0
seg_50e270,0
seg_511d25,0
seg_512b3e,0
seg_514543,0
seg_5147e1,0
seg_514b85,0
seg_5165a4,0
seg_517345,0
seg_517425,0
seg_51865e,0
seg_518b1e,0
seg_51b68c,0
seg_51f0a2,0
seg_51f6fd,0
seg_521a88,0
seg_523945,0
seg_524b39,0
seg_5254ce,0
seg_5255c0,0
seg_52636c,0
seg_529be4,0
seg_529c99,0
seg_52c139,0
seg_530a02,0
seg_53103b,0
seg_5311d1,0
seg_533613,0
seg_53498a,0
seg_53a557,0
seg_53a5fd,0
seg_53bdf5,0
seg_53caf1,0
seg_53d818,0
seg_53e645,0
seg_53fa13,0
seg_5407b0,0
seg_5445bc,0
seg_54490e,0
seg_545fda,0
seg_5467c8,0
seg_546864,0
seg_5470ca,0
seg_5495ca,0
seg_54af0d,0
seg_54b0ee,0
seg_54d0f3,0
seg_55239a,0
seg_552b8e,0
seg_5559d9,0
seg_555f63,0
seg_5597ed,0
seg_55a0c3,0
seg_55a9a4,0
seg_55b566,0
seg_55d50b,0
seg_561cf4,0
seg_563059,0
seg_5639b3,0
seg_566efe,0
seg_56e3e7,0
seg_56e6f1,0
seg_56ebc7,0
seg_570a20,0
seg_570d69,0
seg_572172,0
seg_5759c9,0
seg_5765b6,0
seg_578e84,0
seg_57908c,0
seg_57b6c0,0
seg_57dd68,0
seg_57ea44,0
seg_580b65,0
seg_581fac,0
seg_585872,0
seg_586726,0
seg_586c0f,0
seg_5887a8,0
seg_588f61,0
seg_58d52d,0
seg_58e74b,0
seg_58e9f9,0
seg_58ea74,0
seg_59058a,0
seg_590fa5,0
seg_591954,0
seg_5924f5,0
seg_592807,0
seg_593c34,0
seg_5965d8,0
seg_596ae3,0
seg_5975f4,0
seg_597bd6,0
seg_59818b,0
seg_59cd7d,0
seg_59cfdb,0
seg_59d484,0
seg_59de0b,0
seg_59e1db,0
seg_59eb97,0
seg_5a0479,0
seg_5a1adb,0
seg_5a242e,0
seg_5a67b5,0
seg_5a947e,0
seg_5abfdd,0
seg_5ad847,0
seg_5b392b,0
seg_5b7325,0
seg_5b8c39,0
seg_5bc0b0,0
seg_5bd9ae,0
seg_5bdb47,0
seg_5bfbf0,0
seg_5c0929,0
seg_5c1a4d,0
seg_5c530f,0
seg_5c57a8,0
seg_5c8ae5,0
seg_5c9077,0
seg_5cd98b,0
seg_5cde88,0
seg_5cfba9,0
seg_5cfdc4,0
seg_5d333e,0
seg_5d45db,0
seg_5d92af,0
seg_5d94b2,0
seg_5e020f,0
seg_5e0902,0
seg_5e1bba,0
seg_5e541f,0
seg_5e635a,0
seg_5e668a,0
seg_5e70a7,0
seg_5e7abf,0
seg_5e8ef4,0
seg_5eb380,0
seg_5ec0e3,0
seg_5ed47e,0
seg_5ef47e,0
seg_5f0a92,0
seg_5f24d3,0
seg_5f352e,0
seg_5f355e,0
seg_5f46a5,0
seg_5f7fd9,0
seg_5fe414,0
seg_60277f,0
seg_6074f9,0
seg_607559,0
seg_60ab20,0
seg_60b696,0
seg_60dacd,0
seg_60df2a,0
seg_610379,0
seg_61219c,0
seg_613702,0
seg_614b50,0
seg_6153ca,0
seg_6167f0,0
seg_616c8b,0
seg_61b50d,0
seg_61f504,0
seg_620ee4,0
seg_622e9d,0
seg_62331a,0
seg_6262c4,0
seg_629822,0
seg_62a403,0
seg_62c582,0
seg_63130f,0
seg_633651,0
seg_634180,0
seg_634f05,0
seg_635770,0
seg_63582a,0
seg_63c13d,0
seg_63c518,0
seg_63c8e4,0
seg_63c983,0
seg_63c9a3,0
seg_63d651,0
seg_6422d1,0
seg_643d1f,0
seg_643f86,0
seg_64bcb9,0
seg_64be5d,0
seg_64be91,0
seg_64daae,0
seg_64dcf0,0
seg_64f8dc,0
seg_650de2,0
seg_651808,0
seg_652cc2,0
seg_655780,0
seg_655ad6,0
seg_655cae,0
seg_658bf4,0
seg_659ff8,0
seg_65b962,0
seg_65c4e1,0
seg_65ef95,0
seg_65f01e,0
seg_65fbac,0
seg_660fe1,0
seg_660fef,0
seg_661629,0
seg_666056,0
seg_6681ee,0
seg_66820a,0
seg_6696d0,0
seg_66b7c3,0
seg_66e45a,0
seg_66ed4d,0
seg_670bde,0
seg_67330f,0
seg_673c60,0
seg_67599b,0
seg_679dd2,0
seg_67aa76,0
seg_68102c,0
seg_683ddf,0
seg_686edc,0
seg_687a5c,0
seg_68a484,0
seg_68da94,0
seg_691a72,0
seg_692e7a,0
seg_6951e0,0
seg_695380,0
seg_696621,0
seg_6968c8,0
seg_69787a,0
seg_69a230,0
seg_69a53e,0
seg_69dbad,0
seg_6a05e7,0
seg_6a116b,0
seg_6a26de,0
seg_6a45a0,0
seg_6a4ad1,0
seg_6ab188,0
seg_6ac67a,0
seg_6ac82a,0
seg_6ae32d,0
seg_6b0107,0
seg_6b2ce0,0
seg_6b3a9d,0
seg_6b4e04,0
seg_6b536d,0
seg_6b9511,0
seg_6b9d02,0
seg_6be48e,0
seg_6c292b,0
seg_6c309f,0
seg_6c34c2,0
seg_6c8a45,0
seg_6c909f,0
seg_6cfb76,0
seg_6d01a3,0
seg_6d35cd,0
seg_6d36a1,0
seg_6d4109,0
seg_6d4fa6,0
seg_6d6fad,0
seg_6da1ff,0
seg_6dac5d,0
seg_6dd0fc,0
seg_6de4fd,0
seg_6de935,0
seg_6df48e,0
seg_6dfab7,0
seg_6e12ae,0
seg_6e12ee,0
seg_6e1ee7,0
seg_6e572a,0
seg_6e5a38,0
seg_6e7f73,0
seg_6e98aa,0
seg_6eb146,0
seg_6ed49a,0
seg_6edcb8,0
seg_6eedcc,0
seg_6f17de,0
seg_6f2222,0
seg_6f3d90,0
seg_6f60b2,0
seg_6f650f,0
seg_6f9a98,0
seg_6fb17f,0
seg_6fc3ef,0
seg_6fc8b3,0
seg_6fd5bb,0
seg_7012af,0
seg_7020c5,0
seg_702e03,0
seg_703cea,0
seg_705463,0
seg_708349,0
seg_70991d,0
seg_709b6a,0
seg_709d08,0
seg_70a60e,0
seg_70b375,0
seg_70be4d,0
seg_70e891,0
seg_70edf5,0
seg_70fb30,0
seg_7120ac,0
seg_71238c,0
seg_71348a,0
seg_715e2c,0
seg_715ff6,0
seg_7189ca,0
seg_718b53,0
seg_71936f,0
seg_71b4e0,0
seg_71b975,0
seg_71c9e9,0
seg_71f571,0
seg_7211f1,0
seg_724df9,0
seg_725772,0
seg_725e84,0
seg_727fc7,0
seg_72858d,0
seg_72859b,0
seg_72aba8,0
seg_72b68c,0
seg_72c307,0
seg_72ebda,0
seg_72f40a,0
seg_730ebe,0
seg_734a88,0
seg_73565e,0
seg_735cdd,0
seg_73858d,0
seg_738be6,0
seg_739643,0
seg_739679,0
seg_739856,0
seg_739fb0,0
seg_73ab4a,0
seg_73b0f7,0
seg_740837,0
seg_741fc1,0
seg_74235f,0
seg_7428e7,0
seg_743775,0
seg_74537f,0
seg_746d1d,0
seg_7480f4,0
seg_74b264,0
seg_74b3bd,0
seg_74ce61,0
seg_74d58a,0
seg_74d8cc,0
seg_74dda9,0
seg_74f330,0
seg_74fcfc,0
seg_74ffde,0
seg_750244,0
seg_750c93,0
seg_750d20,0
seg_750e7e,0
seg_75211e,0
seg_753190,0
seg_753ba6,0
seg_7540f3,0
seg_75438e,0
seg_755d50,0
seg_75654d,0
seg_758374,0
seg_758ca4,0
seg_759fb1,0
seg_75a878,0
seg_75c34b,0
seg_75cd6a,0
seg_75dc3e,0
seg_75e669,0
seg_75e93c,0
seg_75eb90,0
seg_75ffc9,0
seg_760d70,0
seg_76106f,0
seg_762188,0
seg_762be4,0
seg_7630c5,0
seg_766e42,0
seg_76b76f,0
seg_76c2fa,0
seg_76d16c,0
seg_76e914,0
seg_76f1af,0
seg_76f3f2,0
seg_76f76d,0
seg_774ad2,0
seg_77bf79,0
seg_77c546,0
seg_77db7b,0
seg_77dbe7,0
seg_77df38,0
seg_77e7bf,0
seg_77ea14,0
seg_77f9e3,0
seg_77fe77,0
seg_7848f8,0
seg_7862ed,0
seg_786ff6,0
seg_78852d,0
seg_78addc,0
seg_78d817,0
seg_78db0a,0
seg_78ded2,0
seg_78fc4b,0
seg_790108,0
seg_7949da,0
seg_79c47a,0
seg_79dc90,0
seg_79e301,0
seg_7a09ec,0
seg_7a521c,0
seg_7a5243,0
seg_7a9228,0
seg_7a9f2b,0
seg_7aeca4,0
seg_7b0936,0
seg_7b2994,0
seg_7b3017,0
seg_7b5f90,0
seg_7bb771,0
seg_7bec10,0
seg_7bf143,0
seg_7c0376,0
seg_7c10c1,0
seg_7c2beb,0
seg_7c2c48,0
seg_7c6c31,0
seg_7c88d1,0
seg_7c9433,0
seg_7cb417,0
seg_7cbb45,0
seg_7cd6b1,0
seg_7cdfe5,0
seg_7ce9cb,0
seg_7cef95,0
seg_7d17eb,0
seg_7d2535,0
seg_7d2e57,0
seg_7d65c7,0
seg_7d718e,0
seg_7d88e3,0
seg_7d994f,0
seg_7ddc30,0
seg_7df3dd,0
seg_7e3b3e,0
seg_7e9eb7,0
seg_7eb108,0
seg_7ebdc3,0
seg_7ed2dd,0
seg_7ef97b,0
seg_7efdd5,0
seg_7f3ab0,0
seg_7f5b6f,0
seg_7f786b,0
seg_7f93b2,0
seg_7f9b3a,0
seg_7fa6ec,0
seg_7fac26,0
seg_7fd3a3,0
seg_7fd6b7,0
seg_80211c,0
seg_804fb5,0
seg_80622d,0
seg_807901,0
seg_80b9b4,0
seg_80fb86,0
seg_812962,0
seg_812a50,0
seg_813aab,0
seg_814b1f,0
seg_816b7a,0
seg_818382,0
seg_81a8ea,0
seg_81bebd,0
seg_81c1a6,0
seg_81c432,0
seg_81f798,0
seg_8200d2,0
seg_82303e,0
seg_82316b,0
seg_8244bf,0
seg_82456a,0
seg_826208,0
seg_827804,0
seg_827a21,0
seg_827c07,0
seg_82c138,0
seg_82ce27,0
seg_82d7b6,0
seg_830cff,0
seg_8310ea,0
seg_8324a4,0
seg_8328f5,0
seg_832a4d,0
seg_8344ee,0
seg_8353f5,0
seg_836aac,0
seg_836ef0,0
seg_83bef8,0
seg_83cb2c,0
seg_83dc2e,0
seg_83ef67,0
seg_83f476,0
seg_83f89e,0
seg_83f928,0
seg_8456d3,0
seg_845a2a,0
seg_8472f3,0
seg_848695,0
seg_84a65d,0
seg_84b9d9,0
seg_84c7fb,0
seg_84fc12,0
seg_8509db,0
seg_850d95,0
seg_8515fd,0
seg_853302,0
seg_854d91,0
seg_857304,0
seg_85762d,0
seg_8599ec,0
seg_85c1c0,0
seg_85e90e,0
seg_85e9c6,0
seg_85fb0a,0
seg_864fcf,0
seg_8658b3,0
seg_86720f,0
seg_8681aa,0
seg_86892f,0
seg_868c85,0
seg_86cfe9,0
seg_86d847,0
seg_86e874,0
seg_87232d,0
seg_876904,0
seg_8773cf,0
seg_8777bd,0
seg_8785e2,0
seg_878d2c,0
seg_87a616,0
seg_87a67a,0
seg_87e4e8,0
seg_87f6c8,0
seg_8826f4,0
seg_885f53,0
seg_8866f0,0
seg_88a81d,0
seg_88b289,0
seg_890181,0
seg_89791c,0
seg_89885a,0
seg_899bf0,0
seg_89b090,0
seg_89d8a0,0
seg_89e207,0
seg_89eed6,0
seg_89f975,0
seg_8a3306,0
seg_8a41bf,0
seg_8a6b0e,0
seg_8a7201,0
seg_8a8220,0
seg_8a8375,0
seg_8ab3a7,0
seg_8ae847,0
seg_8aeb99,0
seg_8b39c4,0
seg_8b798b,0
seg_8baeab,0
seg_8bc20c,0
seg_8bde47,0
seg_8be2da,0
seg_8be76c,0
seg_8bec6f,0
seg_8bf229,0
seg_8c0114,0
seg_8c1760,0
seg_8c1cca,0
seg_8c1e7d,0
seg_8c341c,0
seg_8c6d4e,0
seg_8c6e34,0
seg_8cd159,0
seg_8cdf83,0
seg_8ce632,0
seg_8cf573,0
seg_8d030a,0
seg_8d135f,0
seg_8d3a9d,0
seg_8d4435,0
seg_8d4965,0
seg_8d5113,0
seg_8d6578,0
seg_8d6a7d,0
seg_8da61a,0
seg_8db6f0,0
seg_8dcf3c,0
seg_8dd2ab,0
seg_8dd3ba,0
seg_8dfc7e,0
seg_8dfd7a,0
seg_8e5704,0
seg_8e6a3f,0
seg_8e7194,0
seg_8e7fca,0
seg_8ebdea,0
seg_8f1127,0
seg_8f25b0,0
seg_8f3247,0
seg_8f3dfe,0
seg_8f4654,0
seg_8f4781,0
seg_8f5589,0
seg_8f592b,0
seg_8f6284,0
seg_8fb0d0,0
seg_8fb29e,0
seg_8fb828,0
seg_8fc754,0
seg_8fd465,0
seg_902074,0
seg_902bc1,0
seg_903aba,0
seg_907c52,0
seg_90a0be,0
seg_90b174,0
seg_90bf60,0
seg_90c258,0
seg_90e904,0
seg_90ec68,0
seg_90ef18,0
seg_911066,0
seg_9122aa,0
seg_913ffc,0
seg_914a62,0
seg_91596c,0
seg_915b3e,0
seg_91607c,0
seg_919a6a,0
seg_919c5c,0
seg_91bf8c,0
seg_91cff2,0
seg_91eaeb,0
seg_91f512,0
seg_91f664,0
seg_91fc29,0
seg_920132,0
seg_92092a,0
seg_922914,0
seg_922990,0
seg_92310f,0
seg_929ded,0
seg_92a5f1,0
seg_92af10,0
seg_92b095,0
seg_92bd37,0
seg_92be9f,0
seg_931244,0
seg_93211c,0
seg_932828,0
seg_934087,0
seg_939f5c,0
seg_93d864,0
seg_93f935,0
seg_941759,0
seg_943de0,0
seg_944c98,0
seg_945bc8,0
seg_946d71,0
seg_946d9a,0
seg_947700,0
seg_9485c0,0
seg_94a133,0
seg_94aa0a,0
seg_94c48c,0
seg_94d150,0
seg_94d573,0
seg_94ecad,0
seg_950048,0
seg_952faa,0
seg_95357d,0
seg_95644e,0
seg_957ece,0
seg_95b321,0
seg_95f45e,0
seg_961d02,0
seg_961ddf,0
seg_9626a4,0
seg_96642e,0
seg_966f3d,0
seg_967ae4,0
seg_96cd5d,0
seg_96dab2,0
seg_96db5e,0
seg_96fa35,0
seg_970b35,0
seg_970e86,0
seg_974049,0
seg_9757ac,0
seg_979a8f,0
seg_97a161,0
seg_97ad82,0
seg_97d9ed,0
seg_97e4a9,0
seg_9802c3,0
seg_9825e0,0
seg_983778,0
seg_986976,0
seg_986b6e,0
seg_9872f9,0
seg_988e69,0
seg_98a819,0
seg_98be13,0
seg_98c0b6,0
seg_98c44d,0
seg_98c544,0
seg_98ebaa,0
seg_98f624,0
seg_9940e8,0
seg_996c37,0
seg_99ccbd,0
seg_99f677,0
seg_99f76c,0
seg_9a1a4f,0
seg_9a1c76,0
seg_9a43ef,0
seg_9a6025,0
seg_9a74d8,0
seg_9a7c46,0
seg_9a7d1d,0
seg_9a812d,0
seg_9a81a3,0
seg_9a8a1f,0
seg_9a9041,0
seg_9a92db,0
seg_9aa6e2,0
seg_9ab405,0
seg_9ad261,0
seg_9ad925,0
seg_9ae1a1,0
seg_9b0439,0
seg_9b44d2,0
seg_9b7ef8,0
seg_9b7f93,0
seg_9bab11,0
seg_9bd388,0
seg_9bee43,0
seg_9c00d7,0
seg_9c090f,0
seg_9c2843,0
seg_9c3d6a,0
seg_9c3ef8,0
seg_9c635d,0
seg_9c6715,0
seg_9c8162,0
seg_9c8bc8,0
seg_9ca72e,0
seg_9caf50,0
seg_9cb464,0
seg_9d1b26,0
seg_9d1dbe,0
seg_9d2528,0
seg_9d3013,0
seg_9d452d,0
seg_9d57a1,0
seg_9d68cf,0
seg_9d6ff0,0
seg_9d7490,0
seg_9d79d4,0
seg_9dcae1,0
seg_9ddc99,0
seg_9dea8d,0
seg_9df32d,0
seg_9e25e9,0
seg_9e3837,0
seg_9e61da,0
seg_9e7dff,0
seg_9e8323,0
seg_9e8ca4,0
seg_9e962b,0
seg_9ee0aa,0
seg_9f042e,0
seg_9f12c6,0
seg_9f22a0,0
seg_9f4fd4,0
seg_9f57c4,0
seg_9f6315,0
seg_9f7542,0
seg_9fc7c2,0
seg_9fd9b8,0
seg_9fe8b9,0
seg_a00985,0
seg_a009e6,0
seg_a03e6a,0
seg_a05c22,0
seg_a06228,0
seg_a0646a,0
seg_a0979e,0
seg_a0a423,0
seg_a11dd5,0
seg_a12acb,0
seg_a133bc,0
seg_a14212,0
seg_a16a1b,0
seg_a173d8,0
seg_a18246,0
seg_a1a511,0
seg_a1acb2,0
seg_a1b3cc,0
seg_a1d8da,0
seg_a1e5b0,0
seg_a1edc1,0
seg_a247ac,0
seg_a25c46,0
seg_a2986f,0
seg_a2c108,0
seg_a2d47d,0
seg_a2e2c8,0
seg_a2fd8b,0
seg_a31d6e,0
seg_a31fe3,0
seg_a35c82,0
seg_a35e7c,0
seg_a39ebc,0
seg_a39f3b,0
seg_a39fa8,0
seg_a3ab46,0
seg_a3d4d6,0
seg_a41c2c,0
seg_a4208a,0
seg_a420d4,0
seg_a436bc,0
seg_a437cb,0
seg_a45455,0
seg_a47cce,0
seg_a489e1,0
seg_a49ccc,0
seg_a4ad7c,0
seg_a4e745,0
seg_a50d28,0
seg_a5271e,0
seg_a53e4c,0
seg_a543e5,0
seg_a55540,0
seg_a55a17,0
seg_a56c04,0
seg_a58a6e,0
seg_a5934a,0
seg_a5d37f,0
seg_a5dea6,0
seg_a5f4dd,0
seg_a5fbcc,0
seg_a61e1c,0
seg_a63573,0
seg_a674d2,0
seg_a68007,0
seg_a68ffb,0
seg_a69246,0
seg_a6959c,0
seg_a6bf91,0
seg_a6c5cc,0
seg_a6cd86,0
seg_a6e801,0
seg_a6e99c,0
seg_a6eed3,0
seg_a704ee,0
seg_a7561c,0
seg_a7b454,0
seg_a7d0eb,0
seg_a7e49b,0
seg_a80123,0
seg_a802fa,0
seg_a80f6f,0
seg_a82229,0
seg_a84c13,0
seg_a86231,0
seg_a8685e,0
seg_a86a05,0
seg_a87e79,0
seg_a88097,0
seg_a88dde,0
seg_a8bb2f,0
seg_a8ddf7,0
seg_a8e6df,0
seg_a8e71a,0
seg_a9089b,0
seg_a91c03,0
seg_a93a88,0
seg_a96b47,0
seg_a975df,0
seg_a99161,0
seg_a99799,0
seg_a99be9,0
seg_a9a820,0
seg_a9b957,0
seg_a9f80e,0
seg_aa0180,0
seg_aa1adf,0
seg_aa508a,0
seg_aa78e0,0
seg_aa7a4b,0
seg_aa98cc,0
seg_aa9b8e,0
seg_aaa2ae,0
seg_aabc52,0
seg_aae025,0
seg_ab001b,0
seg_ab15ad,0
seg_ab2a78,0
seg_ab3f14,0
seg_ab4bca,0
seg_ab644e,0
seg_ab70bd,0
seg_ab9654,0
seg_aba501,0
seg_abaad2,0
seg_abb03a,0
seg_abb06a,0
seg_abc5fd,0
seg_abda04,0
seg_abeca6,0
seg_ac45ae,0
seg_ac5c61,0
seg_ac68bb,0
seg_ac9de5,0
seg_acd715,0
seg_acf2f4,0
seg_ad3a44,0
seg_ad3cf0,0
seg_ad591c,0
seg_ad759c,0
seg_ad82ca,0
seg_ad949a,0
seg_ada42c,0
seg_ada81a,0
seg_ade769,0
seg_adf94a,0
seg_adf986,0
seg_ae32a6,0
seg_ae3388,0
seg_ae3d92,0
seg_ae42b3,0
seg_ae9626,0
seg_ae9761,0
seg_aec276,0
seg_aed434,0
seg_aee7c0,0
seg_aee9bf,0
seg_aeeb31,0
seg_af1650,0
seg_af2472,0
seg_af6204,0
seg_af703b,0
seg_af959f,0
seg_afa4a1,0
seg_afadfb,0
seg_afca81,0
seg_afd665,0
seg_b00f05,0
seg_b02e31,0
seg_b03de5,0
seg_b08e9d,0
seg_b0a794,0
seg_b0bf65,0
seg_b0cf32,0
seg_b0d251,0
seg_b0f9cd,0
seg_b108c9,0
seg_b13220,0
seg_b13fb9,0
seg_b197e2,0
seg_b1a35c,0
seg_b1b95e,0
seg_b1fea8,0
seg_b20487,0
seg_b21273,0
seg_b23489,0
seg_b253ee,0
seg_b25dde,0
seg_b26368,0
seg_b284b2,0
seg_b291c0,0
seg_b2b29d,0
seg_b2b331,0
seg_b2e045,0
seg_b31961,0
seg_b32d1d,0
seg_b35174,0
seg_b36650,0
seg_b36c8a,0
seg_b378bc,0
seg_b3883e,0
seg_b3cf21,0
seg_b3d886,0
seg_b402ac,0
seg_b41d3c,0
seg_b42170,0
seg_b4402d,0
seg_b44c2e,0
seg_b47c19,0
seg_b4c040,0
seg_b4cb44,0
seg_b4f7a8,0
seg_b50239,0
seg_b51380,0
seg_b51b7c,0
seg_b52710,0
seg_b52add,0
seg_b52dac,0
seg_b54024,0
seg_b568c6,0
seg_b57e76,0
seg_b5804a,0
seg_b58542,0
seg_b5a447,0
seg_b5aee9,0
seg_b6254c,0
seg_b63de1,0
seg_b64c9c,0
seg_b66b87,0
seg_b686e5,0
seg_b687fc,0
seg_b691c5,0
seg_b69455,0
seg_b695b3,0
seg_b6bdaa,0
seg_b6c10d,0
seg_b6cb2b,0
seg_b72413,0
seg_b735a5,0
seg_b77bf5,0
seg_b782c7,0
seg_b78883,0
seg_b7a8a1,0
seg_b7b098,0
seg_b7da0a,0
seg_b7eeb6,0
seg_b80358,0
seg_b80366,0
seg_b80b89,0
seg_b8141c,0
seg_b853c1,0
seg_b853f8,0
seg_b86ce1,0
seg_b8725b,0
seg_b8745c,0
seg_b87cf5,0
seg_b88baa,0
seg_b89218,0
seg_b89e47,0
seg_b8b72f,0
seg_b8bb87,0
seg_b8fd73,0
seg_b91011,0
seg_b917b5,0
seg_b91ae2,0
seg_b9361a,0
seg_b9365c,0
seg_b947ae,0
seg_b95010,0
seg_b95a77,0
seg_b9619c,0
seg_b9ad7f,0
seg_b9bdd7,0
seg_b9d8a0,0
seg_b9de03,0
seg_b9ec4b,0
seg_ba0485,0
seg_ba1d68,0
seg_ba2c48,0
seg_ba3c47,0
seg_ba3e74,0
seg_ba4ea3,0
seg_ba5e7e,0
seg_ba83da,0
seg_ba941e,0
seg_ba98dc,0
seg_ba9dbf,0
seg_baa745,0
seg_bb171f,0
seg_bb180c,0
seg_bb2d77,0
seg_bb5e15,0
seg_bb6904,0
seg_bb6fcb,0
seg_bb92b1,0
seg_bbb01e,0
seg_bbbc30,0
seg_bbf805,0
seg_bbfd4e,0
seg_bc07c8,0
seg_bc1d67,0
seg_bc2186,0
seg_bc437b,0
seg_bca500,0
seg_bcc8f1,0
seg_bce23c,0
seg_bce305,0
seg_bcf2d9,0
seg_bcf6af,0
seg_bcfad6,0
seg_bd00c4,0
seg_bd2b0c,0
seg_bd31bf,0
seg_bd40f2,0
seg_bd4d30,0
seg_bd5022,0
seg_bd629b,0
seg_bd6f5f,0
seg_bd7109,0
seg_bdae02,0
seg_bdf84b,0
seg_be0cdc,0
seg_be0dfa,0
seg_be19e2,0
seg_be30ce,0
seg_be4612,0
seg_be62ef,0
seg_be65f2,0
seg_be811d,0
seg_beb650,0
seg_beda44,0
seg_bee792,0
seg_bf1294,0
seg_bf1430,0
seg_bf1a72,0
seg_bf2d1f,0
seg_bf4bf2,0
seg_bf4ec0,0
seg_bf58ce,0
seg_bf7224,0
seg_bfdd14,0
seg_bfe0b6,0
seg_bff05e,0
seg_bff392,0
seg_c01a57,0
seg_c01d9a,0
seg_c01f63,0
seg_c0260d,0
seg_c047b7,0
seg_c05a7d,0
seg_c07b7c,0
seg_c08d36,0
seg_c09a41,0
seg_c0c0ed,0
seg_c0d7da,0
seg_c0e1b9,0
seg_c0ea9f,0
seg_c106ca,0
seg_c10a58,0
seg_c11828,0
seg_c11a4f,0
seg_c12d7d,0
seg_c146a8,0
seg_c15d21,0
seg_c17817,0
seg_c179f8,0
seg_c183e4,0
seg_c186dc,0
seg_c18d5a,0
seg_c1fe9a,0
seg_c20a27,0
seg_c20c06,0
seg_c21723,0
seg_c21d60,0
seg_c22bd4,0
seg_c23429,0
seg_c23641,0
seg_c243a6,0
seg_c24946,0
seg_c25855,0
seg_c267a5,0
seg_c26fb4,0
seg_c27591,0
seg_c2a0c8,0
seg_c2b8f7,0
seg_c3507f,0
seg_c35940,0
seg_c365de,0
seg_c3836b,0
seg_c3f672,0
seg_c3f8d7,0
seg_c41d1d,0
seg_c42490,0
seg_c42952,0
seg_c44bbc,0
seg_c46ce6,0
seg_c472cf,0
seg_c47bdc,0
seg_c4af54,0
seg_c5064e,0
seg_c509ff,0
seg_c522f8,0
seg_c5256d,0
seg_c52ae6,0
seg_c5325c,0
seg_c550b1,0
seg_c565bd,0
seg_c571ef,0
seg_c588c1,0
seg_c58ca5,0
seg_c5abaa,0
seg_c5c455,0
seg_c5c6ea,0
seg_c5dada,0
seg_c5dee4,0
seg_c5f986,0
seg_c5fc3b,0
seg_c5fc87,0
seg_c607eb,0
seg_c60dca,0
seg_c60f1d,0
seg_c627fc,0
seg_c62a06,0
seg_c65135,0
seg_c654e7,0
seg_c666dd,0
seg_c671f7,0
seg_c6b514,0
seg_c6c29f,0
seg_c6f0a2,0
seg_c6f533,0
seg_c6f9c2,0
seg_c703be,0
seg_c70fde,0
seg_c714d0,0
seg_c73df6,0
seg_c747ad,0
seg_c747b4,0
seg_c7a3bc,0
seg_c7a401,0
seg_c7a579,0
seg_c7b424,0
seg_c80857,0
seg_c81e10,0
seg_c81fec,0
seg_c8459f,0
seg_c87c24,0
seg_c901c0,0
seg_c90be5,0
seg_c9201c,0
seg_c9481f,0
seg_c94941,0
seg_c9831a,0
seg_c9e533,0
seg_c9f80a,0
seg_ca2d1b,0
seg_ca407b,0
seg_ca44a8,0
seg_ca67ee,0
seg_ca6d70,0
seg_ca8389,0
seg_ca88e3,0
seg_ca9e39,0
seg_caa919,0
seg_cacd0a,0
seg_cacd58,0
seg_cb0e21,0
seg_cb806c,0
seg_cbcce9,0
seg_cbfb19,0
seg_cc096e,0
seg_cc2c46,0
seg_cc2e9b,0
seg_cc4199,0
seg_cc4932,0
seg_cc4950,0
seg_cc667b,0
seg_cc7a19,0
seg_cc7e39,0
seg_ccdc28,0
seg_cd0691,0
seg_cd2b34,0
seg_cd2b53,0
seg_cd352f,0
seg_cd43b4,0
seg_cd699e,0
seg_cd9f9b,0
seg_cdadb5,0
seg_cdf88e,0
seg_ce00bb,0
seg_ce46ba,0
seg_ce472b,0
seg_ce5520,0
seg_ce5832,0
seg_ce72e2,0
seg_ce7537,0
seg_ce9f59,0
seg_cea185,0
seg_ceab44,0
seg_ceb942,0
seg_cec2f2,0
seg_cecd29,0
seg_ced992,0
seg_cedf3e,0
seg_cee7d0,0
seg_cf0e43,0
seg_cf1371,0
seg_cf25d2,0
seg_cf3825,0
seg_cf5764,0
seg_cf646e,0
seg_cf74e8,0
seg_cf9a49,0
seg_cfed24,0
seg_cff594,0
seg_d014a3,0
seg_d0598e,0
seg_d062a6,0
seg_d07c62,0
seg_d07ce8,0
seg_d098df,0
seg_d0c280,0
seg_d0c8e2,0
seg_d0f262,0
seg_d0f803,0
seg_d1045e,0
seg_d11ca8,0
seg_d14524,0
seg_d146a6,0
seg_d16534,0
seg_d19980,0
seg_d1a281,0
seg_d1a2b9,0
seg_d1a8b3,0
seg_d1abaa,0
seg_d1b91e,0
seg_d1ca05,0
seg_d1cb37,0
seg_d1eee8,0
seg_d1fbb8,0
seg_d21066,0
seg_d21eb6,0
seg_d24095,0
seg_d247da,0
seg_d2551a,0
seg_d26f7d,0
seg_d27193,0
seg_d27812,0
seg_d29a4b,0
seg_d2a533,0
seg_d2ad9a,0
seg_d2cb02,0
seg_d2db6b,0
seg_d2f588,0
seg_d30a9d,0
seg_d31583,0
seg_d320f5,0
seg_d328bb,0
seg_d32f71,0
seg_d32f8a,0
seg_d35274,0
seg_d356ab,0
seg_d35e50,0
seg_d36055,0
seg_d36342,0
seg_d36681,0
seg_d36737,0
seg_d37b05,0
seg_d39131,0
seg_d398df,0
seg_d3992e,0
seg_d3bb14,0
seg_d3d8fc,0
seg_d3f6b0,0
seg_d3f967,0
seg_d40bb2,0
seg_d41daa,0
seg_d42c77,0
seg_d44589,0
seg_d47aba,0
seg_d4c763,0
seg_d4dec8,0
seg_d4ea17,0
seg_d508db,0
seg_d516e3,0
seg_d56ae2,0
seg_d56d32,0
seg_d59e4e,0
seg_d5b100,0
seg_d5d3a1,0
seg_d5dbc1,0
seg_d5df41,0
seg_d5f344,0
seg_d60d18,0
seg_d62e9c,0
seg_d63175,0
seg_d661ce,0
seg_d668c0,0
seg_d68930,0
seg_d693b0,0
seg_d6b198,0
seg_d6b386,0
seg_d6b546,0
seg_d6dad6,0
seg_d6ea73,0
seg_d702b2,0
seg_d71352,0
seg_d740b2,0
seg_d753f8,0
seg_d78093,0
seg_d78e7d,0
seg_d795ab,0
seg_d7967e,0
seg_d7a805,0
seg_d7ab50,0
seg_d7f015,0
seg_d7f53a,0
seg_d8014d,0
seg_d83890,0
seg_d85e2e,0
seg_d86eb6,0
seg_d88da7,0
seg_d89369,0
seg_d90c5f,0
seg_d91492,0
seg_d9190c,0
seg_d9352b,0
seg_d962cc,0
seg_d9750c,0
seg_d9a2bb,0
seg_d9b162,0
seg_d9bb68,0
seg_d9ce67,0
seg_d9d0e4,0
seg_d9dab4,0
seg_da21ee,0
seg_da7c3b,0
seg_da80c4,0
seg_da8b88,0
seg_dab0f9,0
seg_dad4f2,0
seg_db3446,0
seg_db3a95,0
seg_db3fbe,0
seg_db4185,0
seg_db606c,0
seg_db694a,0
seg_db6d5f,0
seg_db90c0,0
seg_dbbb44,0
seg_dbc615,0
seg_dbf3f2,0
seg_dc188b,0
seg_dc1cf0,0
seg_dc23c0,0
seg_dc4698,0
seg_dc5e63,0
seg_dc6e94,0
seg_dc73b8,0
seg_dc7e0d,0
seg_dca2c2,0
seg_dcb51d,0
seg_dcbe02,0
seg_dcd9df,0
seg_dcee28,0
seg_dceeca,0
seg_dcf242,0
seg_dcfb4b,0
seg_dd0b11,0
seg_dd4594,0
seg_dd699c,0
seg_dd780d,0
seg_dd8805,0
seg_ddbadc,0
seg_ddc800,0
seg_ddd206,0
seg_ddddf0,0
seg_de225c,0
seg_de3237,0
seg_de3d5e,0
seg_de4e1d,0
seg_de8180,0
seg_de98fa,0
seg_de9e32,0
seg_df0df7,0
seg_df352f,0
seg_df45b0,0
seg_df8385,0
seg_df8e0a,0
seg_df99d4,0
seg_dff078,0
seg_e00465,0
seg_e051bc,0
seg_e05de2,0
seg_e067ab,0
seg_e09301,0
seg_e0c329,0
seg_e0ce38,0
seg_e0cfd4,0
seg_e0f296,0
seg_e10d3b,0
seg_e13bd8,0
seg_e14149,0
seg_e1468f,0
seg_e15cb9,0
seg_e197b8,0
seg_e1a9e0,0
seg_e1daa0,0
seg_e1f045,0
seg_e1f081,0
seg_e20d76,0
seg_e217fc,0
seg_e2209b,0
seg_e24496,0
seg_e24f69,0
seg_e256bd,0
seg_e25aca,0
seg_e266f4,0
seg_e27c0a,0
seg_e29670,0
seg_e2b8b1,0
seg_e2c82c,0
seg_e3005e,0
seg_e30e44,0
seg_e30ef5,0
seg_e34052,0
seg_e37b8e,0
seg_e3b1f1,0
seg_e3ca24,0
seg_e3cf1a,0
seg_e3d751,0
seg_e3dafa,0
seg_e3e762,0
seg_e40348,0
seg_e405fe,0
seg_e40d64,0
seg_e41fc9,0
seg_e47d2b,0
seg_e481c7,0
seg_e48c23,0
seg_e49750,0
seg_e4c15a,0
seg_e4f203,0
seg_e4f403,0
seg_e50f16,0
seg_e52f8c,0
seg_e53a52,0
seg_e54932,0
seg_e5750a,0
seg_e59dca,0
seg_e5b510,0
seg_e5c033,0
seg_e5deec,0
seg_e5e238,0
seg_e5f9ec,0
seg_e5fbc1,0
seg_e60719,0
seg_e6307f,0
seg_e64dfa,0
seg_e65e69,0
seg_e66697,0
seg_e6b236,0
seg_e6bd3f,0
seg_e6c973,0
seg_e6e1df,0
seg_e6e24e,0
seg_e71dda,0
seg_e72f10,0
seg_e742dc,0
seg_e76e6e,0
seg_e7ac12,0
seg_e7ced6,0
seg_e7d1f8,0
seg_e7d3e7,0
seg_e80726,0
seg_e81b50,0
seg_e8385f,0
seg_e85f55,0
seg_e86e44,0
seg_e86ed1,0
seg_e86f77,0
seg_e877a5,0
seg_e8a2c4,0
seg_e8a4f4,0
seg_e8ac98,0
seg_e8ad6b,0
seg_e8b2b3,0
seg_e8bcde,0
seg_e8ce6a,0
seg_e8d02f,0
seg_e90c0d,0
seg_e92526,0
seg_e9272e,0
seg_e96140,0
seg_e98217,0
seg_e9a09f,0
seg_e9aa44,0
seg_e9df42,0
seg_e9e65b,0
seg_ea0091,0
seg_ea05c1,0
seg_ea096b,0
seg_ea098b,0
seg_ea4d3a,0
seg_ea78c0,0
seg_ea8270,0
seg_ea9d37,0
seg_ea9fa4,0
seg_eaa0ec,0
seg_eabb2c,0
seg_eacccf,0
seg_ead30e,0
seg_eb0b19,0
seg_eb1d6e,0
seg_eb2e11,0
seg_eb32bc,0
seg_eb47a9,0
seg_eb692c,0
seg_eb7595,0
seg_eb7f91,0
seg_eba22d,0
seg_ebb79f,0
seg_ebd77b,0
seg_ebe36c,0
seg_ebec3e,0
seg_ec0e7b,0
seg_ec4645,0
seg_ec73d5,0
seg_ec973c,0
seg_eca2eb,0
seg_ecaef0,0
seg_eccb17,0
seg_ecdca4,0
seg_ecf28d,0
seg_ecf81b,0
seg_ed07b0,0
seg_ed3e4c,0
seg_ed52ac,0
seg_ed7741,0
seg_ed7dee,0
seg_ed7f69,0
seg_edda79,0
seg_edecaa,0
seg_ee1cfc,0
seg_ee2781,0
seg_ee4479,0
seg_ee4ae5,0
seg_ee7224,0
seg_ee87e2,0
seg_ee8f87,0
seg_eea20e,0
seg_eebbc2,0
seg_eee89d,0
seg_eefd4a,0
seg_ef24bd,0
seg_ef27c8,0
seg_ef47c4,0
seg_ef644a,0
seg_ef660a,0
seg_ef74dc,0
seg_ef779d,0
seg_ef9105,0
seg_efb639,0
seg_efbf3e,0
seg_efc5fb,0
seg_efd9ec,0
seg_f003ca,0
seg_f01368,0
seg_f0181d,0
seg_f02d32,0
seg_f056d8,0
seg_f0574b,0
seg_f073e2,0
seg_f0ce4a,0
seg_f0cedb,0
seg_f0d278,0
seg_f0db55,0
seg_f11620,0
seg_f11f77,0
seg_f165f6,0
seg_f19f8e,0
seg_f1a771,0
seg_f1b916,0
seg_f1f5b9,0
seg_f21a22,0
seg_f21bf4,0
seg_f22163,0
seg_f229bf,0
seg_f24292,0
seg_f2750c,0
seg_f2a20d,0
seg_f2ae5e,0
seg_f2b0c5,0
seg_f2cb5e,0
seg_f2f5a3,0
seg_f3063a,0
seg_f30b2f,0
seg_f30f0c,0
seg_f322b1,0
seg_f342a3,0
seg_f34877,0
seg_f383fb,0
seg_f3c578,0
seg_f43730,0
seg_f43ab6,0
seg_f455bc,0
seg_f46cc1,0
seg_f48363,0
seg_f48db9,0
seg_f4ad4b,0
seg_f4d644,0
seg_f52cdc,0
seg_f5406b,0
seg_f579ba,0
seg_f57ca1,0
seg_f59974,0
seg_f5a4ee,0
seg_f5a6ab,0
seg_f5d2dd,0
seg_f5e682,0
seg_f60872,0
seg_f618a8,0
seg_f61b0e,0
seg_f639cd,0
seg_f639ec,0
seg_f650cc,0
seg_f6659e,0
seg_f66db1,0
seg_f679c6,0
seg_f67ce2,0
seg_f6828d,0
seg_f69c38,0
seg_f6a217,0
seg_f6abc5,0
seg_f6b70c,0
seg_f6bae8,0
seg_f6c0cb,0
seg_f6c928,0
seg_f6cfd4,0
seg_f6d51b,0
seg_f6e1ca,0
seg_f6e89f,0
seg_f6f523,0
seg_f6f683,0
seg_f7050a,0
seg_f70b66,0
seg_f71db8,0
seg_f7290f,0
seg_f734c8,0
seg_f741af,0
seg_f77ee5,0
seg_f7d792,0
seg_f7de40,0
seg_f80e44,0
seg_f83d28,0
seg_f865be,0
seg_f86c41,0
seg_f88d4a,0
seg_f8db0a,0
seg_f8dd7e,0
seg_f931de,0
seg_f93ce5,0
seg_f95fd3,0
seg_f96d0e,0
seg_f96d5a,0
seg_f97274,0
seg_f99b64,0
seg_f9e4f2,0
seg_f9eea3,0
seg_fa0ac7,0
seg_fa34c7,0
seg_fa488e,0
seg_fa4df0,0
seg_fa6383,0
seg_fa796b,0
seg_fa9f00,0
seg_fad815,0
seg_fb00b3,0
seg_fb11ba,0
seg_fb1f5c,0
seg_fb4c26,0
seg_fb74f0,0
seg_fb76ca,0
seg_fb8af5,0
seg_fb9491,0
seg_fb9b2e,0
seg_fbce13,0
seg_fbd66b,0
seg_fbddb9,0
seg_fbe3c2,0
seg_fbf17a,0
seg_fbff25,0
seg_fc407c,0
seg_fc57d4,0
seg_fc8fd6,0
seg_fcb7d0,0
seg_fcca66,0
seg_fcd32e,0
seg_fd19b8,0
seg_fd374e,0
seg_fd6340,0
seg_fd8add,0
seg_fd9ac1,0
seg_fdba93,0
seg_fdc1d4,0
seg_fdd50e,0
seg_fde767,0
seg_fde86d,0
seg_fdff11,0
seg_fe2aac,0
seg_fe5945,0
seg_fe70c0,0
seg_fe73b1,0
seg_fe86f5,0
seg_fea3e2,0
seg_feb312,0
seg_fedbd1,0
seg_ff0f1b,0
seg_ff1a62,0
seg_ff2f2d,0
seg_ff4236,0
seg_ff7478,0
seg_ff79d9,0
seg_ffbd6a,0
seg_ffe7cc,0
